id,prov,ccaa,name
03001,ES-A,ES-VC,l'Atzúbia
03002,ES-A,ES-VC,Agost
03003,ES-A,ES-VC,Agres
03004,ES-A,ES-VC,Aigües
03005,ES-A,ES-VC,Albatera
03006,ES-A,ES-VC,Alcalalí
03007,ES-A,ES-VC,Alcocer de Planes
03008,ES-A,ES-VC,Alcoleja
03009,ES-A,ES-VC,Alcoi / Alcoy
03010,ES-A,ES-VC,Alfafara
03011,ES-A,ES-VC,l'Alfàs del Pi
03012,ES-A,ES-VC,Algorfa
03013,ES-A,ES-VC,Algueña
03014,ES-A,ES-VC,Alacant / Alicante
03015,ES-A,ES-VC,Almoradí
03016,ES-A,ES-VC,Almudaina
03017,ES-A,ES-VC,l'Alqueria d'Asnar
03018,ES-A,ES-VC,Altea
03019,ES-A,ES-VC,Aspe
03020,ES-A,ES-VC,Balones
03021,ES-A,ES-VC,Banyeres de Mariola
03022,ES-A,ES-VC,Benasau
03023,ES-A,ES-VC,Beneixama
03024,ES-A,ES-VC,Benejúzar
03025,ES-A,ES-VC,Benferri
03026,ES-A,ES-VC,Beniarbeig
03027,ES-A,ES-VC,Beniardá
03028,ES-A,ES-VC,Beniarrés
03029,ES-A,ES-VC,Benigembla
03030,ES-A,ES-VC,Benidoleig
03031,ES-A,ES-VC,Benidorm
03032,ES-A,ES-VC,Benifallim
03033,ES-A,ES-VC,Benifato
03034,ES-A,ES-VC,Benijófar
03035,ES-A,ES-VC,Benilloba
03036,ES-A,ES-VC,Benillup
03037,ES-A,ES-VC,Benimantell
03038,ES-A,ES-VC,Benimarfull
03039,ES-A,ES-VC,Benimassot
03040,ES-A,ES-VC,Benimeli
03041,ES-A,ES-VC,Benissa
03042,ES-A,ES-VC,el Poble Nou de Benitatxell / Benitachell
03043,ES-A,ES-VC,Biar
03044,ES-A,ES-VC,Bigastro
03045,ES-A,ES-VC,Bolulla
03046,ES-A,ES-VC,Busot
03047,ES-A,ES-VC,Calp
03048,ES-A,ES-VC,Callosa d'en Sarrià
03049,ES-A,ES-VC,Callosa de Segura
03050,ES-A,ES-VC,el Campello
03051,ES-A,ES-VC,el Camp de Mirra / Campo de Mirra
03052,ES-A,ES-VC,Cañada
03053,ES-A,ES-VC,Castalla
03054,ES-A,ES-VC,Castell de Castells
03055,ES-A,ES-VC,Catral
03056,ES-A,ES-VC,Cocentaina
03057,ES-A,ES-VC,Confrides
03058,ES-A,ES-VC,Cox
03059,ES-A,ES-VC,Crevillent
03060,ES-A,ES-VC,Quatretondeta
03061,ES-A,ES-VC,Daya Nueva
03062,ES-A,ES-VC,Daya Vieja
03063,ES-A,ES-VC,Dénia
03064,ES-A,ES-VC,Dolores
03065,ES-A,ES-VC,Elx / Elche
03066,ES-A,ES-VC,Elda
03067,ES-A,ES-VC,Fageca
03068,ES-A,ES-VC,Famorca
03069,ES-A,ES-VC,Finestrat
03070,ES-A,ES-VC,Formentera del Segura
03071,ES-A,ES-VC,Gata de Gorgos
03072,ES-A,ES-VC,Gaianes
03073,ES-A,ES-VC,Gorga
03074,ES-A,ES-VC,Granja de Rocamora
03075,ES-A,ES-VC,el Castell de Guadalest
03076,ES-A,ES-VC,Guardamar del Segura
03077,ES-A,ES-VC,el Fondó de les Neus / Hondón de las Nieves
03078,ES-A,ES-VC,Hondón de los Frailes
03079,ES-A,ES-VC,Ibi
03080,ES-A,ES-VC,Jacarilla
03081,ES-A,ES-VC,Xaló
03082,ES-A,ES-VC,Xàbia / Jávea
03083,ES-A,ES-VC,Xixona / Jijona
03084,ES-A,ES-VC,l'Orxa / Lorcha
03085,ES-A,ES-VC,Llíber
03086,ES-A,ES-VC,Millena
03088,ES-A,ES-VC,Monforte del Cid
03089,ES-A,ES-VC,Monòver / Monóvar
03090,ES-A,ES-VC,Mutxamel
03091,ES-A,ES-VC,Murla
03092,ES-A,ES-VC,Muro de Alcoy
03093,ES-A,ES-VC,Novelda
03094,ES-A,ES-VC,la Nucia
03095,ES-A,ES-VC,Ondara
03096,ES-A,ES-VC,Onil
03097,ES-A,ES-VC,Orba
03098,ES-A,ES-VC,Orxeta
03099,ES-A,ES-VC,Orihuela
03100,ES-A,ES-VC,Parcent
03101,ES-A,ES-VC,Pedreguer
03102,ES-A,ES-VC,Pego
03103,ES-A,ES-VC,Penàguila
03104,ES-A,ES-VC,Petrer
03105,ES-A,ES-VC,el Pinós / Pinoso
03106,ES-A,ES-VC,Planes
03107,ES-A,ES-VC,Polop
03109,ES-A,ES-VC,Rafal
03110,ES-A,ES-VC,el Ràfol d'Almúnia
03111,ES-A,ES-VC,Redován
03112,ES-A,ES-VC,Relleu
03113,ES-A,ES-VC,Rojales
03114,ES-A,ES-VC,la Romana
03115,ES-A,ES-VC,Sagra
03116,ES-A,ES-VC,Salinas
03117,ES-A,ES-VC,Sanet y Negrals
03118,ES-A,ES-VC,San Fulgencio
03119,ES-A,ES-VC,Sant Joan d'Alacant
03120,ES-A,ES-VC,San Miguel de Salinas
03121,ES-A,ES-VC,Santa Pola
03122,ES-A,ES-VC,Sant Vicent del Raspeig / San Vicente del Raspeig
03123,ES-A,ES-VC,Sax
03124,ES-A,ES-VC,Sella
03125,ES-A,ES-VC,Senija
03127,ES-A,ES-VC,Tàrbena
03128,ES-A,ES-VC,Teulada
03129,ES-A,ES-VC,Tibi
03130,ES-A,ES-VC,Tollos
03131,ES-A,ES-VC,Tormos
03132,ES-A,ES-VC,la Torre de les Maçanes / Torremanzanas
03133,ES-A,ES-VC,Torrevieja
03134,ES-A,ES-VC,la Vall d'Alcalà
03135,ES-A,ES-VC,la Vall d'Ebo
03136,ES-A,ES-VC,Vall de Gallinera
03137,ES-A,ES-VC,la Vall de Laguar
03138,ES-A,ES-VC,el Verger
03139,ES-A,ES-VC,la Vila Joiosa / Villajoyosa
03140,ES-A,ES-VC,Villena
03901,ES-A,ES-VC,els Poblets
03902,ES-A,ES-VC,Pilar de la Horadada
03903,ES-A,ES-VC,Los Montesinos
03904,ES-A,ES-VC,San Isidro
