id,prov,ccaa,name
08001,ES-B,ES-CT,Abrera
08002,ES-B,ES-CT,Aguilar de Segarra
08003,ES-B,ES-CT,Alella
08004,ES-B,ES-CT,Alpens
08005,ES-B,ES-CT,l'Ametlla del Vallès
08006,ES-B,ES-CT,Arenys de Mar
08007,ES-B,ES-CT,Arenys de Munt
08008,ES-B,ES-CT,Argençola
08009,ES-B,ES-CT,Argentona
08010,ES-B,ES-CT,Artés
08011,ES-B,ES-CT,Avià
08012,ES-B,ES-CT,Avinyó
08013,ES-B,ES-CT,Avinyonet del Penedès
08014,ES-B,ES-CT,Aiguafreda
08015,ES-B,ES-CT,Badalona
08016,ES-B,ES-CT,Bagà
08017,ES-B,ES-CT,Balenyà
08018,ES-B,ES-CT,Balsareny
08019,ES-B,ES-CT,Barcelona
08020,ES-B,ES-CT,Begues
08021,ES-B,ES-CT,Bellprat
08022,ES-B,ES-CT,Berga
08023,ES-B,ES-CT,Bigues i Riells
08024,ES-B,ES-CT,Borredà
08025,ES-B,ES-CT,el Bruc
08026,ES-B,ES-CT,el Brull
08027,ES-B,ES-CT,les Cabanyes
08028,ES-B,ES-CT,Cabrera d'Anoia
08029,ES-B,ES-CT,Cabrera de Mar
08030,ES-B,ES-CT,Cabrils
08031,ES-B,ES-CT,Calaf
08032,ES-B,ES-CT,Caldes d'Estrac
08033,ES-B,ES-CT,Caldes de Montbui
08034,ES-B,ES-CT,Calders
08035,ES-B,ES-CT,Calella
08036,ES-B,ES-CT,Calonge de Segarra
08037,ES-B,ES-CT,Calldetenes
08038,ES-B,ES-CT,Callús
08039,ES-B,ES-CT,Campins
08040,ES-B,ES-CT,Canet de Mar
08041,ES-B,ES-CT,Canovelles
08042,ES-B,ES-CT,Cànoves i Samalús
08043,ES-B,ES-CT,Canyelles
08044,ES-B,ES-CT,Capellades
08045,ES-B,ES-CT,Capolat
08046,ES-B,ES-CT,Cardedeu
08047,ES-B,ES-CT,Cardona
08048,ES-B,ES-CT,Carme
08049,ES-B,ES-CT,Casserres
08050,ES-B,ES-CT,Castellar del Riu
08051,ES-B,ES-CT,Castellar del Vallès
08052,ES-B,ES-CT,Castellar de n'Hug
08053,ES-B,ES-CT,Castellbell i el Vilar
08054,ES-B,ES-CT,Castellbisbal
08055,ES-B,ES-CT,Castellcir
08056,ES-B,ES-CT,Castelldefels
08057,ES-B,ES-CT,Castell de l'Areny
08058,ES-B,ES-CT,Castellet i la Gornal
08059,ES-B,ES-CT,Castellfollit del Boix
08060,ES-B,ES-CT,Castellfollit de Riubregós
08061,ES-B,ES-CT,Castellgalí
08062,ES-B,ES-CT,Castellnou de Bages
08063,ES-B,ES-CT,Castellolí
08064,ES-B,ES-CT,Castellterçol
08065,ES-B,ES-CT,Castellví de la Marca
08066,ES-B,ES-CT,Castellví de Rosanes
08067,ES-B,ES-CT,Centelles
08068,ES-B,ES-CT,Cervelló
08069,ES-B,ES-CT,Collbató
08070,ES-B,ES-CT,Collsuspina
08071,ES-B,ES-CT,Copons
08072,ES-B,ES-CT,Corbera de Llobregat
08073,ES-B,ES-CT,Cornellà de Llobregat
08074,ES-B,ES-CT,Cubelles
08075,ES-B,ES-CT,Dosrius
08076,ES-B,ES-CT,Esparreguera
08077,ES-B,ES-CT,Esplugues de Llobregat
08078,ES-B,ES-CT,l'Espunyola
08079,ES-B,ES-CT,l'Estany
08080,ES-B,ES-CT,Fígols
08081,ES-B,ES-CT,Fogars de Montclús
08082,ES-B,ES-CT,Fogars de la Selva
08083,ES-B,ES-CT,Folgueroles
08084,ES-B,ES-CT,Fonollosa
08085,ES-B,ES-CT,Font-rubí
08086,ES-B,ES-CT,les Franqueses del Vallès
08087,ES-B,ES-CT,Gallifa
08088,ES-B,ES-CT,la Garriga
08089,ES-B,ES-CT,Gavà
08090,ES-B,ES-CT,Gaià
08091,ES-B,ES-CT,Gelida
08092,ES-B,ES-CT,Gironella
08093,ES-B,ES-CT,Gisclareny
08094,ES-B,ES-CT,la Granada
08095,ES-B,ES-CT,Granera
08096,ES-B,ES-CT,Granollers
08097,ES-B,ES-CT,Gualba
08098,ES-B,ES-CT,Sant Salvador de Guardiola
08099,ES-B,ES-CT,Guardiola de Berguedà
08100,ES-B,ES-CT,Gurb
08101,ES-B,ES-CT,l'Hospitalet de Llobregat
08103,ES-B,ES-CT,Jorba
08104,ES-B,ES-CT,la Llacuna
08105,ES-B,ES-CT,la Llagosta
08106,ES-B,ES-CT,Llinars del Vallès
08107,ES-B,ES-CT,Lliçà d'Amunt
08108,ES-B,ES-CT,Lliçà de Vall
08109,ES-B,ES-CT,Lluçà
08110,ES-B,ES-CT,Malgrat de Mar
08111,ES-B,ES-CT,Malla
08112,ES-B,ES-CT,Manlleu
08113,ES-B,ES-CT,Manresa
08114,ES-B,ES-CT,Martorell
08115,ES-B,ES-CT,Martorelles
08116,ES-B,ES-CT,les Masies de Roda
08117,ES-B,ES-CT,les Masies de Voltregà
08118,ES-B,ES-CT,el Masnou
08119,ES-B,ES-CT,Masquefa
08120,ES-B,ES-CT,Matadepera
08121,ES-B,ES-CT,Mataró
08122,ES-B,ES-CT,Mediona
08123,ES-B,ES-CT,Molins de Rei
08124,ES-B,ES-CT,Mollet del Vallès
08125,ES-B,ES-CT,Montcada i Reixac
08126,ES-B,ES-CT,Montgat
08127,ES-B,ES-CT,Monistrol de Montserrat
08128,ES-B,ES-CT,Monistrol de Calders
08129,ES-B,ES-CT,Muntanyola
08130,ES-B,ES-CT,Montclar
08131,ES-B,ES-CT,Montesquiu
08132,ES-B,ES-CT,Montmajor
08133,ES-B,ES-CT,Montmaneu
08134,ES-B,ES-CT,Figaró-Montmany
08135,ES-B,ES-CT,Montmeló
08136,ES-B,ES-CT,Montornès del Vallès
08137,ES-B,ES-CT,Montseny
08138,ES-B,ES-CT,Moià
08139,ES-B,ES-CT,Mura
08140,ES-B,ES-CT,Navarcles
08141,ES-B,ES-CT,Navàs
08142,ES-B,ES-CT,la Nou de Berguedà
08143,ES-B,ES-CT,Òdena
08144,ES-B,ES-CT,Olvan
08145,ES-B,ES-CT,Olèrdola
08146,ES-B,ES-CT,Olesa de Bonesvalls
08147,ES-B,ES-CT,Olesa de Montserrat
08148,ES-B,ES-CT,Olivella
08149,ES-B,ES-CT,Olost
08150,ES-B,ES-CT,Orís
08151,ES-B,ES-CT,Oristà
08152,ES-B,ES-CT,Orpí
08153,ES-B,ES-CT,Òrrius
08154,ES-B,ES-CT,Pacs del Penedès
08155,ES-B,ES-CT,Palafolls
08156,ES-B,ES-CT,Palau-solità i Plegamans
08157,ES-B,ES-CT,Pallejà
08158,ES-B,ES-CT,el Papiol
08159,ES-B,ES-CT,Parets del Vallès
08160,ES-B,ES-CT,Perafita
08161,ES-B,ES-CT,Piera
08162,ES-B,ES-CT,els Hostalets de Pierola
08163,ES-B,ES-CT,Pineda de Mar
08164,ES-B,ES-CT,el Pla del Penedès
08165,ES-B,ES-CT,la Pobla de Claramunt
08166,ES-B,ES-CT,la Pobla de Lillet
08167,ES-B,ES-CT,Polinyà
08168,ES-B,ES-CT,Pontons
08169,ES-B,ES-CT,el Prat de Llobregat
08170,ES-B,ES-CT,els Prats de Rei
08171,ES-B,ES-CT,Prats de Lluçanès
08172,ES-B,ES-CT,Premià de Mar
08174,ES-B,ES-CT,Puigdàlber
08175,ES-B,ES-CT,Puig-reig
08176,ES-B,ES-CT,Pujalt
08177,ES-B,ES-CT,la Quar
08178,ES-B,ES-CT,Rajadell
08179,ES-B,ES-CT,Rellinars
08180,ES-B,ES-CT,Ripollet
08181,ES-B,ES-CT,la Roca del Vallès
08182,ES-B,ES-CT,el Pont de Vilomara i Rocafort
08183,ES-B,ES-CT,Roda de Ter
08184,ES-B,ES-CT,Rubí
08185,ES-B,ES-CT,Rubió
08187,ES-B,ES-CT,Sabadell
08188,ES-B,ES-CT,Sagàs
08189,ES-B,ES-CT,Sant Pere Sallavinera
08190,ES-B,ES-CT,Saldes
08191,ES-B,ES-CT,Sallent
08192,ES-B,ES-CT,Santpedor
08193,ES-B,ES-CT,Sant Iscle de Vallalta
08194,ES-B,ES-CT,Sant Adrià de Besòs
08195,ES-B,ES-CT,Sant Agustí de Lluçanès
08196,ES-B,ES-CT,Sant Andreu de la Barca
08197,ES-B,ES-CT,Sant Andreu de Llavaneres
08198,ES-B,ES-CT,Sant Antoni de Vilamajor
08199,ES-B,ES-CT,Sant Bartomeu del Grau
08200,ES-B,ES-CT,Sant Boi de Llobregat
08201,ES-B,ES-CT,Sant Boi de Lluçanès
08202,ES-B,ES-CT,Sant Celoni
08203,ES-B,ES-CT,Sant Cebrià de Vallalta
08204,ES-B,ES-CT,Sant Climent de Llobregat
08205,ES-B,ES-CT,Sant Cugat del Vallès
08206,ES-B,ES-CT,Sant Cugat Sesgarrigues
08207,ES-B,ES-CT,Sant Esteve de Palautordera
08208,ES-B,ES-CT,Sant Esteve Sesrovires
08209,ES-B,ES-CT,Sant Fost de Campsentelles
08210,ES-B,ES-CT,Sant Feliu de Codines
08211,ES-B,ES-CT,Sant Feliu de Llobregat
08212,ES-B,ES-CT,Sant Feliu Sasserra
08213,ES-B,ES-CT,Sant Fruitós de Bages
08214,ES-B,ES-CT,Vilassar de Dalt
08215,ES-B,ES-CT,Sant Hipòlit de Voltregà
08216,ES-B,ES-CT,Sant Jaume de Frontanyà
08217,ES-B,ES-CT,Sant Joan Despí
08218,ES-B,ES-CT,Sant Joan de Vilatorrada
08219,ES-B,ES-CT,Vilassar de Mar
08220,ES-B,ES-CT,Sant Julià de Vilatorta
08221,ES-B,ES-CT,Sant Just Desvern
08222,ES-B,ES-CT,Sant Llorenç d'Hortons
08223,ES-B,ES-CT,Sant Llorenç Savall
08224,ES-B,ES-CT,Sant Martí de Centelles
08225,ES-B,ES-CT,Sant Martí d'Albars
08226,ES-B,ES-CT,Sant Martí de Tous
08227,ES-B,ES-CT,Sant Martí Sarroca
08228,ES-B,ES-CT,Sant Martí Sesgueioles
08229,ES-B,ES-CT,Sant Mateu de Bages
08230,ES-B,ES-CT,Premià de Dalt
08231,ES-B,ES-CT,Sant Pere de Ribes
08232,ES-B,ES-CT,Sant Pere de Riudebitlles
08233,ES-B,ES-CT,Sant Pere de Torelló
08234,ES-B,ES-CT,Sant Pere de Vilamajor
08235,ES-B,ES-CT,Sant Pol de Mar
08236,ES-B,ES-CT,Sant Quintí de Mediona
08237,ES-B,ES-CT,Sant Quirze de Besora
08238,ES-B,ES-CT,Sant Quirze del Vallès
08239,ES-B,ES-CT,Sant Quirze Safaja
08240,ES-B,ES-CT,Sant Sadurní d'Anoia
08241,ES-B,ES-CT,Sant Sadurní d'Osormort
08242,ES-B,ES-CT,Marganell
08243,ES-B,ES-CT,Santa Cecília de Voltregà
08244,ES-B,ES-CT,Santa Coloma de Cervelló
08245,ES-B,ES-CT,Santa Coloma de Gramenet
08246,ES-B,ES-CT,Santa Eugènia de Berga
08247,ES-B,ES-CT,Santa Eulàlia de Riuprimer
08248,ES-B,ES-CT,Santa Eulàlia de Ronçana
08249,ES-B,ES-CT,Santa Fe del Penedès
08250,ES-B,ES-CT,Santa Margarida de Montbui
08251,ES-B,ES-CT,Santa Margarida i els Monjos
08252,ES-B,ES-CT,Barberà del Vallès
08253,ES-B,ES-CT,Santa Maria de Besora
08254,ES-B,ES-CT,l'Esquirol
08255,ES-B,ES-CT,Santa Maria de Merlès
08256,ES-B,ES-CT,Santa Maria de Martorelles
08257,ES-B,ES-CT,Santa Maria de Miralles
08258,ES-B,ES-CT,Santa Maria d'Oló
08259,ES-B,ES-CT,Santa Maria de Palautordera
08260,ES-B,ES-CT,Santa Perpètua de Mogoda
08261,ES-B,ES-CT,Santa Susanna
08262,ES-B,ES-CT,Sant Vicenç de Castellet
08263,ES-B,ES-CT,Sant Vicenç dels Horts
08264,ES-B,ES-CT,Sant Vicenç de Montalt
08265,ES-B,ES-CT,Sant Vicenç de Torelló
08266,ES-B,ES-CT,Cerdanyola del Vallès
08267,ES-B,ES-CT,Sentmenat
08268,ES-B,ES-CT,Cercs
08269,ES-B,ES-CT,Seva
08270,ES-B,ES-CT,Sitges
08271,ES-B,ES-CT,Sobremunt
08272,ES-B,ES-CT,Sora
08273,ES-B,ES-CT,Subirats
08274,ES-B,ES-CT,Súria
08275,ES-B,ES-CT,Tavèrnoles
08276,ES-B,ES-CT,Tagamanent
08277,ES-B,ES-CT,Talamanca
08278,ES-B,ES-CT,Taradell
08279,ES-B,ES-CT,Terrassa
08280,ES-B,ES-CT,Tavertet
08281,ES-B,ES-CT,Teià
08282,ES-B,ES-CT,Tiana
08283,ES-B,ES-CT,Tona
08284,ES-B,ES-CT,Tordera
08285,ES-B,ES-CT,Torelló
08286,ES-B,ES-CT,la Torre de Claramunt
08287,ES-B,ES-CT,Torrelavit
08288,ES-B,ES-CT,Torrelles de Foix
08289,ES-B,ES-CT,Torrelles de Llobregat
08290,ES-B,ES-CT,Ullastrell
08291,ES-B,ES-CT,Vacarisses
08292,ES-B,ES-CT,Vallbona d'Anoia
08293,ES-B,ES-CT,Vallcebre
08294,ES-B,ES-CT,Vallgorguina
08295,ES-B,ES-CT,Vallirana
08296,ES-B,ES-CT,Vallromanes
08297,ES-B,ES-CT,Veciana
08298,ES-B,ES-CT,Vic
08299,ES-B,ES-CT,Vilada
08300,ES-B,ES-CT,Viladecavalls
08301,ES-B,ES-CT,Viladecans
08302,ES-B,ES-CT,Vilanova del Camí
08303,ES-B,ES-CT,Vilanova de Sau
08304,ES-B,ES-CT,Vilobí del Penedès
08305,ES-B,ES-CT,Vilafranca del Penedès
08306,ES-B,ES-CT,Vilalba Sasserra
08307,ES-B,ES-CT,Vilanova i la Geltrú
08308,ES-B,ES-CT,Viver i Serrateix
08700,ES-B,ES-CT,Igualada
08901,ES-B,ES-CT,Rupit i Pruit
08902,ES-B,ES-CT,Vilanova del Vallès
08903,ES-B,ES-CT,Sant Julià de Cerdanyola
08904,ES-B,ES-CT,Badia del Vallès
08905,ES-B,ES-CT,la Palma de Cervelló
