id,prov,ccaa,name
06001,ES-BA,ES-EX,Acedera
06002,ES-BA,ES-EX,Aceuchal
06003,ES-BA,ES-EX,Ahillones
06004,ES-BA,ES-EX,Alange
06005,ES-BA,ES-EX,La Albuera
06006,ES-BA,ES-EX,Alburquerque
06007,ES-BA,ES-EX,Alconchel
06008,ES-BA,ES-EX,Alconera
06009,ES-BA,ES-EX,Aljucén
06010,ES-BA,ES-EX,Almendral
06011,ES-BA,ES-EX,Almendralejo
06012,ES-BA,ES-EX,Arroyo de San Serván
06013,ES-BA,ES-EX,Atalaya
06014,ES-BA,ES-EX,Azuaga
06015,ES-BA,ES-EX,Badajoz
06016,ES-BA,ES-EX,Barcarrota
06017,ES-BA,ES-EX,Baterno
06018,ES-BA,ES-EX,Benquerencia de la Serena
06019,ES-BA,ES-EX,Berlanga
06020,ES-BA,ES-EX,Bienvenida
06021,ES-BA,ES-EX,Bodonal de la Sierra
06022,ES-BA,ES-EX,Burguillos del Cerro
06023,ES-BA,ES-EX,Cabeza del Buey
06024,ES-BA,ES-EX,Cabeza la Vaca
06025,ES-BA,ES-EX,Calamonte
06026,ES-BA,ES-EX,Calera de León
06027,ES-BA,ES-EX,Calzadilla de los Barros
06028,ES-BA,ES-EX,Campanario
06029,ES-BA,ES-EX,Campillo de Llerena
06030,ES-BA,ES-EX,Capilla
06031,ES-BA,ES-EX,Carmonita
06032,ES-BA,ES-EX,El Carrascalejo
06033,ES-BA,ES-EX,Casas de Don Pedro
06034,ES-BA,ES-EX,Casas de Reina
06035,ES-BA,ES-EX,Castilblanco
06036,ES-BA,ES-EX,Castuera
06037,ES-BA,ES-EX,La Codosera
06038,ES-BA,ES-EX,Cordobilla de Lácara
06039,ES-BA,ES-EX,La Coronada
06040,ES-BA,ES-EX,Corte de Peleas
06041,ES-BA,ES-EX,Cristina
06042,ES-BA,ES-EX,Cheles
06043,ES-BA,ES-EX,Don Álvaro
06044,ES-BA,ES-EX,Don Benito
06045,ES-BA,ES-EX,Entrín Bajo
06046,ES-BA,ES-EX,Esparragalejo
06047,ES-BA,ES-EX,Esparragosa de la Serena
06048,ES-BA,ES-EX,Esparragosa de Lares
06049,ES-BA,ES-EX,Feria
06050,ES-BA,ES-EX,Fregenal de la Sierra
06051,ES-BA,ES-EX,Fuenlabrada de los Montes
06052,ES-BA,ES-EX,Fuente de Cantos
06053,ES-BA,ES-EX,Fuente del Arco
06054,ES-BA,ES-EX,Fuente del Maestre
06055,ES-BA,ES-EX,Fuentes de León
06056,ES-BA,ES-EX,Garbayuela
06057,ES-BA,ES-EX,Garlitos
06058,ES-BA,ES-EX,La Garrovilla
06059,ES-BA,ES-EX,Granja de Torrehermosa
06060,ES-BA,ES-EX,Guareña
06061,ES-BA,ES-EX,La Haba
06062,ES-BA,ES-EX,Helechosa de los Montes
06063,ES-BA,ES-EX,Herrera del Duque
06064,ES-BA,ES-EX,Higuera de la Serena
06065,ES-BA,ES-EX,Higuera de Llerena
06066,ES-BA,ES-EX,Higuera de Vargas
06067,ES-BA,ES-EX,Higuera la Real
06068,ES-BA,ES-EX,Hinojosa del Valle
06069,ES-BA,ES-EX,Hornachos
06070,ES-BA,ES-EX,Jerez de los Caballeros
06071,ES-BA,ES-EX,La Lapa
06072,ES-BA,ES-EX,Lobón
06073,ES-BA,ES-EX,Llera
06074,ES-BA,ES-EX,Llerena
06075,ES-BA,ES-EX,Magacela
06076,ES-BA,ES-EX,Maguilla
06077,ES-BA,ES-EX,Malcocinado
06078,ES-BA,ES-EX,Malpartida de la Serena
06079,ES-BA,ES-EX,Manchita
06080,ES-BA,ES-EX,Medellín
06081,ES-BA,ES-EX,Medina de las Torres
06082,ES-BA,ES-EX,Mengabril
06083,ES-BA,ES-EX,Mérida
06084,ES-BA,ES-EX,Mirandilla
06085,ES-BA,ES-EX,Monesterio
06086,ES-BA,ES-EX,Montemolín
06087,ES-BA,ES-EX,Monterrubio de la Serena
06088,ES-BA,ES-EX,Montijo
06089,ES-BA,ES-EX,La Morera
06090,ES-BA,ES-EX,La Nava de Santiago
06091,ES-BA,ES-EX,Navalvillar de Pela
06092,ES-BA,ES-EX,Nogales
06093,ES-BA,ES-EX,Oliva de la Frontera
06094,ES-BA,ES-EX,Oliva de Mérida
06095,ES-BA,ES-EX,Olivenza / Olivença
06096,ES-BA,ES-EX,Orellana de la Sierra
06097,ES-BA,ES-EX,Orellana la Vieja
06098,ES-BA,ES-EX,Palomas
06099,ES-BA,ES-EX,La Parra
06100,ES-BA,ES-EX,Peñalsordo
06101,ES-BA,ES-EX,Peraleda del Zaucejo
06102,ES-BA,ES-EX,Puebla de Alcocer
06103,ES-BA,ES-EX,Puebla de la Calzada
06104,ES-BA,ES-EX,Puebla de la Reina
06105,ES-BA,ES-EX,Puebla del Maestre
06106,ES-BA,ES-EX,Puebla del Prior
06107,ES-BA,ES-EX,Puebla de Obando
06108,ES-BA,ES-EX,Puebla de Sancho Pérez
06109,ES-BA,ES-EX,Quintana de la Serena
06110,ES-BA,ES-EX,Reina
06111,ES-BA,ES-EX,Rena
06112,ES-BA,ES-EX,Retamal de Llerena
06113,ES-BA,ES-EX,Ribera del Fresno
06114,ES-BA,ES-EX,Risco
06115,ES-BA,ES-EX,La Roca de la Sierra
06116,ES-BA,ES-EX,Salvaleón
06117,ES-BA,ES-EX,Salvatierra de los Barros
06118,ES-BA,ES-EX,Sancti-Spíritus
06119,ES-BA,ES-EX,San Pedro de Mérida
06120,ES-BA,ES-EX,Santa Amalia
06121,ES-BA,ES-EX,Santa Marta
06122,ES-BA,ES-EX,Los Santos de Maimona
06123,ES-BA,ES-EX,San Vicente de Alcántara
06124,ES-BA,ES-EX,Segura de León
06125,ES-BA,ES-EX,Siruela
06126,ES-BA,ES-EX,Solana de los Barros
06127,ES-BA,ES-EX,Talarrubias
06128,ES-BA,ES-EX,Talavera la Real
06129,ES-BA,ES-EX,Táliga
06130,ES-BA,ES-EX,Tamurejo
06131,ES-BA,ES-EX,Torre de Miguel Sesmero
06132,ES-BA,ES-EX,Torremayor
06133,ES-BA,ES-EX,Torremejía
06134,ES-BA,ES-EX,Trasierra
06135,ES-BA,ES-EX,Trujillanos
06136,ES-BA,ES-EX,Usagre
06137,ES-BA,ES-EX,Valdecaballeros
06138,ES-BA,ES-EX,Valdetorres
06139,ES-BA,ES-EX,Valencia de las Torres
06140,ES-BA,ES-EX,Valencia del Mombuey
06141,ES-BA,ES-EX,Valencia del Ventoso
06142,ES-BA,ES-EX,Valverde de Burguillos
06143,ES-BA,ES-EX,Valverde de Leganés
06144,ES-BA,ES-EX,Valverde de Llerena
06145,ES-BA,ES-EX,Valverde de Mérida
06146,ES-BA,ES-EX,Valle de la Serena
06147,ES-BA,ES-EX,Valle de Matamoros
06148,ES-BA,ES-EX,Valle de Santa Ana
06149,ES-BA,ES-EX,Villafranca de los Barros
06150,ES-BA,ES-EX,Villagarcía de la Torre
06151,ES-BA,ES-EX,Villagonzalo
06152,ES-BA,ES-EX,Villalba de los Barros
06153,ES-BA,ES-EX,Villanueva de la Serena
06154,ES-BA,ES-EX,Villanueva del Fresno
06155,ES-BA,ES-EX,Villar del Rey
06156,ES-BA,ES-EX,Villar de Rena
06157,ES-BA,ES-EX,Villarta de los Montes
06158,ES-BA,ES-EX,Zafra
06159,ES-BA,ES-EX,Zahínos
06160,ES-BA,ES-EX,Zalamea de la Serena
06161,ES-BA,ES-EX,Zarza-Capilla
06162,ES-BA,ES-EX,La Zarza
06901,ES-BA,ES-EX,Valdelacalzada
06902,ES-BA,ES-EX,Pueblonuevo del Guadiana
06903,ES-BA,ES-EX,Guadiana
