id,prov,ccaa,name
12001,ES-CS,ES-VC,Atzeneta del Maestrat
12002,ES-CS,ES-VC,Aín
12003,ES-CS,ES-VC,Albocàsser
12004,ES-CS,ES-VC,Alcalà de Xivert
12005,ES-CS,ES-VC,l'Alcora
12006,ES-CS,ES-VC,Alcudia de Veo
12007,ES-CS,ES-VC,Alfondeguilla
12008,ES-CS,ES-VC,Algimia de Almonacid
12009,ES-CS,ES-VC,Almassora
12010,ES-CS,ES-VC,Almedíjar
12011,ES-CS,ES-VC,Almenara
12012,ES-CS,ES-VC,Altura
12013,ES-CS,ES-VC,Arañuel
12014,ES-CS,ES-VC,Ares del Maestrat
12015,ES-CS,ES-VC,Argelita
12016,ES-CS,ES-VC,Artana
12017,ES-CS,ES-VC,Ayódar
12018,ES-CS,ES-VC,Azuébar
12020,ES-CS,ES-VC,Barracas
12021,ES-CS,ES-VC,Betxí
12022,ES-CS,ES-VC,Bejís
12024,ES-CS,ES-VC,Benafer
12025,ES-CS,ES-VC,Benafigos
12026,ES-CS,ES-VC,Benassal
12027,ES-CS,ES-VC,Benicarló
12028,ES-CS,ES-VC,Benicàssim / Benicasim
12029,ES-CS,ES-VC,Benlloc
12031,ES-CS,ES-VC,Borriol
12032,ES-CS,ES-VC,Borriana / Burriana
12033,ES-CS,ES-VC,Cabanes
12034,ES-CS,ES-VC,Càlig
12036,ES-CS,ES-VC,Canet lo Roig
12037,ES-CS,ES-VC,Castell de Cabres
12038,ES-CS,ES-VC,Castellfort
12039,ES-CS,ES-VC,Castellnovo
12040,ES-CS,ES-VC,Castelló de la Plana
12041,ES-CS,ES-VC,Castillo de Villamalefa
12042,ES-CS,ES-VC,Catí
12043,ES-CS,ES-VC,Caudiel
12044,ES-CS,ES-VC,Cervera del Maestre
12045,ES-CS,ES-VC,Cinctorres
12046,ES-CS,ES-VC,Cirat
12048,ES-CS,ES-VC,Cortes de Arenoso
12049,ES-CS,ES-VC,Costur
12050,ES-CS,ES-VC,les Coves de Vinromà
12051,ES-CS,ES-VC,Culla
12052,ES-CS,ES-VC,Xert
12053,ES-CS,ES-VC,Xilxes / Chilches
12055,ES-CS,ES-VC,Xodos / Chodos
12056,ES-CS,ES-VC,Chóvar
12057,ES-CS,ES-VC,Eslida
12058,ES-CS,ES-VC,Espadilla
12059,ES-CS,ES-VC,Fanzara
12060,ES-CS,ES-VC,Figueroles
12061,ES-CS,ES-VC,Forcall
12063,ES-CS,ES-VC,Fuente la Reina
12064,ES-CS,ES-VC,Fuentes de Ayódar
12065,ES-CS,ES-VC,Gaibiel
12067,ES-CS,ES-VC,Geldo
12068,ES-CS,ES-VC,Herbers
12069,ES-CS,ES-VC,Higueras
12070,ES-CS,ES-VC,la Jana
12071,ES-CS,ES-VC,Jérica
12072,ES-CS,ES-VC,Llucena / Lucena del Cid
12073,ES-CS,ES-VC,Ludiente
12074,ES-CS,ES-VC,la Llosa
12075,ES-CS,ES-VC,la Mata
12076,ES-CS,ES-VC,Matet
12077,ES-CS,ES-VC,Moncofa
12078,ES-CS,ES-VC,Montán
12079,ES-CS,ES-VC,Montanejos
12080,ES-CS,ES-VC,Morella
12081,ES-CS,ES-VC,Navajas
12082,ES-CS,ES-VC,Nules
12083,ES-CS,ES-VC,Olocau del Rey
12084,ES-CS,ES-VC,Onda
12085,ES-CS,ES-VC,Orpesa / Oropesa del Mar
12087,ES-CS,ES-VC,Palanques
12088,ES-CS,ES-VC,Pavías
12089,ES-CS,ES-VC,Peníscola / Peñíscola
12090,ES-CS,ES-VC,Pina de Montalgrao
12091,ES-CS,ES-VC,Portell de Morella
12092,ES-CS,ES-VC,Puebla de Arenoso
12093,ES-CS,ES-VC,la Pobla de Benifassà
12094,ES-CS,ES-VC,la Pobla Tornesa
12095,ES-CS,ES-VC,Ribesalbes
12096,ES-CS,ES-VC,Rossell
12097,ES-CS,ES-VC,Sacañet
12098,ES-CS,ES-VC,la Salzadella
12099,ES-CS,ES-VC,Sant Jordi / San Jorge
12100,ES-CS,ES-VC,Sant Mateu
12101,ES-CS,ES-VC,San Rafael del Río
12102,ES-CS,ES-VC,Santa Magdalena de Pulpis
12103,ES-CS,ES-VC,la Serratella
12104,ES-CS,ES-VC,Segorbe
12105,ES-CS,ES-VC,Sierra Engarcerán
12106,ES-CS,ES-VC,Soneja
12107,ES-CS,ES-VC,Sot de Ferrer
12108,ES-CS,ES-VC,Suera / Sueras
12109,ES-CS,ES-VC,Tales
12110,ES-CS,ES-VC,Teresa
12111,ES-CS,ES-VC,Tírig
12112,ES-CS,ES-VC,Todolella
12113,ES-CS,ES-VC,Toga
12114,ES-CS,ES-VC,Torás
12115,ES-CS,ES-VC,El Toro
12116,ES-CS,ES-VC,Torralba del Pinar
12117,ES-CS,ES-VC,Torreblanca
12118,ES-CS,ES-VC,Torrechiva
12119,ES-CS,ES-VC,la Torre d'en Besora
12120,ES-CS,ES-VC,la Torre d'en Doménec
12121,ES-CS,ES-VC,Traiguera
12122,ES-CS,ES-VC,les Useres / Useras
12123,ES-CS,ES-VC,Vallat
12124,ES-CS,ES-VC,Vall d'Alba
12125,ES-CS,ES-VC,Vall de Almonacid
12126,ES-CS,ES-VC,la Vall d'Uixó
12127,ES-CS,ES-VC,Vallibona
12128,ES-CS,ES-VC,Vilafamés
12129,ES-CS,ES-VC,Vilafranca / Villafranca del Cid
12130,ES-CS,ES-VC,Villahermosa del Río
12131,ES-CS,ES-VC,Villamalur
12132,ES-CS,ES-VC,Vilanova d'Alcolea
12133,ES-CS,ES-VC,Villanueva de Viver
12134,ES-CS,ES-VC,Vilar de Canes
12135,ES-CS,ES-VC,Vila-real
12136,ES-CS,ES-VC,la Vilavella
12137,ES-CS,ES-VC,Villores
12138,ES-CS,ES-VC,Vinaròs
12139,ES-CS,ES-VC,Vistabella del Maestrat
12140,ES-CS,ES-VC,Viver
12141,ES-CS,ES-VC,Zorita del Maestrazgo
12142,ES-CS,ES-VC,Zucaina
12901,ES-CS,ES-VC,les Alqueries / Alquerías del Niño Perdido
12902,ES-CS,ES-VC,Sant Joan de Moró
