id,prov,ccaa,name
-10305068,ES-NA,ES-NC,Facería 75
-10305069,ES-NA,ES-NC,Facería 32
-10305085,ES-NA,ES-NC,Facería 30
-10305106,ES-NA,ES-NC,Facería 24
-10305118,ES-NA,ES-NC,Facería 21
-10305119,ES-NA,ES-NC,Facería 108
-10305146,ES-NA,ES-NC,Facería 35
-10305147,ES-NA,ES-NC,Facería 63
-10305150,ES-NA,ES-NC,Facería 44
-10305151,ES-NA,ES-NC,Facería 43
-10305156,ES-NA,ES-NC,Facería 84
-10305171,ES-NA,ES-NC,Facería 79
-10305183,ES-NA,ES-NC,Facería 41
-10305184,ES-NA,ES-NC,Facería 40
-10305185,ES-NA,ES-NC,Facería 39
-10305186,ES-NA,ES-NC,Facería 45
-10305187,ES-NA,ES-NC,Facería 103
-10305188,ES-NA,ES-NC,Facería 85
-10305235,ES-NA,ES-NC,Facería 56
-10305236,ES-NA,ES-NC,Facería 55
-10305242,ES-NA,ES-NC,Facería 50
-10305244,ES-NA,ES-NC,Facería 52
-10305249,ES-NA,ES-NC,Facería 17
-10305250,ES-NA,ES-NC,Facería 14
-10305257,ES-NA,ES-NC,Facería 107
-10305258,ES-NA,ES-NC,Facería 106
-10305262,ES-NA,ES-NC,Facería 8
-10305272,ES-NA,ES-NC,Facería 28
-10305273,ES-NA,ES-NC,Facería 26
-10305299,ES-NA,ES-NC,Facería 38
-10305300,ES-NA,ES-NC,Facería 83
-10305329,ES-NA,ES-NC,Facería 36
-10305330,ES-NA,ES-NC,Facería 37
-10305348,ES-NA,ES-NC,Facería 82
-10305349,ES-NA,ES-NC,Facería 81
-10305368,ES-NA,ES-NC,Facería 49
-10305384,ES-NA,ES-NC,Facería 71
-10305385,ES-NA,ES-NC,Facería 76
-10305386,ES-NA,ES-NC,Facería 74
-10305528,ES-NA,ES-NC,Facería 15
-10305529,ES-NA,ES-NC,Facería 11
-10305530,ES-NA,ES-NC,Facería 92
-10305546,ES-NA,ES-NC,Facería 9
-10305574,ES-NA,ES-NC,Facería 10 / 10. partzuergoa
-10305575,ES-NA,ES-NC,Facería 2 / 2. partzuergoa
-10305580,ES-NA,ES-NC,Facería 16
-10305589,ES-NA,ES-NC,Facería 88
-10305598,ES-NA,ES-NC,Facería 86
-10305605,ES-NA,ES-NC,Facería 91
-10305606,ES-NA,ES-NC,Facería 87
-10305619,ES-NA,ES-NC,Facería 70
-10305674,ES-NA,ES-NC,Facería 22
-10305675,ES-NA,ES-NC,Facería 104
-10305682,ES-NA,ES-NC,Andia
31001,ES-NA,ES-NC,Abáigar
31002,ES-NA,ES-NC,Abárzuza/Abartzuza
31003,ES-NA,ES-NC,Abaurregaina / Abaurrea Alta
31004,ES-NA,ES-NC,Abaurrepea / Abaurrea Baja
31005,ES-NA,ES-NC,Aberin
31006,ES-NA,ES-NC,Ablitas
31007,ES-NA,ES-NC,Adiós
31008,ES-NA,ES-NC,Aguilar de Codés
31009,ES-NA,ES-NC,Aibar/Oibar
31010,ES-NA,ES-NC,Altsasu/Alsasua
31011,ES-NA,ES-NC,Allín / Allin
31012,ES-NA,ES-NC,Allo
31013,ES-NA,ES-NC,Améscoa Baja
31014,ES-NA,ES-NC,Ancín/Antzin
31015,ES-NA,ES-NC,Andosilla
31016,ES-NA,ES-NC,Ansoáin/Antsoain
31017,ES-NA,ES-NC,Anue
31018,ES-NA,ES-NC,Añorbe
31019,ES-NA,ES-NC,Aoiz/Agoitz
31020,ES-NA,ES-NC,Araitz
31021,ES-NA,ES-NC,Aranarache/Aranaratxe
31022,ES-NA,ES-NC,Arantza
31023,ES-NA,ES-NC,Aranguren
31024,ES-NA,ES-NC,Arano
31025,ES-NA,ES-NC,Arakil
31026,ES-NA,ES-NC,Aras
31027,ES-NA,ES-NC,Arbizu
31028,ES-NA,ES-NC,Arce/Artzi
31029,ES-NA,ES-NC,Los Arcos
31030,ES-NA,ES-NC,Arellano
31031,ES-NA,ES-NC,Areso
31032,ES-NA,ES-NC,Arguedas
31033,ES-NA,ES-NC,Aria
31034,ES-NA,ES-NC,Aribe
31035,ES-NA,ES-NC,Armañanzas
31036,ES-NA,ES-NC,Arróniz
31037,ES-NA,ES-NC,Arruazu
31038,ES-NA,ES-NC,Artajona
31039,ES-NA,ES-NC,Artazu
31040,ES-NA,ES-NC,Atetz / Atez
31041,ES-NA,ES-NC,Ayegui
31042,ES-NA,ES-NC,Azagra
31043,ES-NA,ES-NC,Azuelo
31044,ES-NA,ES-NC,Bakaiku
31045,ES-NA,ES-NC,Barásoain
31046,ES-NA,ES-NC,Barbarin
31047,ES-NA,ES-NC,Bargota
31048,ES-NA,ES-NC,Barillas
31049,ES-NA,ES-NC,Basaburua
31050,ES-NA,ES-NC,Baztan
31051,ES-NA,ES-NC,Beire
31052,ES-NA,ES-NC,Belascoáin
31053,ES-NA,ES-NC,Berbinzana
31054,ES-NA,ES-NC,Bertizarana
31055,ES-NA,ES-NC,Betelu
31056,ES-NA,ES-NC,Biurrun-Olcoz
31057,ES-NA,ES-NC,Buñuel
31058,ES-NA,ES-NC,Auritz/Burguete
31059,ES-NA,ES-NC,Burgui/Burgi
31060,ES-NA,ES-NC,Burlada/Burlata
31061,ES-NA,ES-NC,El Busto
31062,ES-NA,ES-NC,Cabanillas
31063,ES-NA,ES-NC,Cabredo
31064,ES-NA,ES-NC,Cadreita
31065,ES-NA,ES-NC,Caparroso
31066,ES-NA,ES-NC,Cárcar
31067,ES-NA,ES-NC,Carcastillo
31068,ES-NA,ES-NC,Cascante
31069,ES-NA,ES-NC,Cáseda
31070,ES-NA,ES-NC,Castejón
31071,ES-NA,ES-NC,Castillonuevo
31072,ES-NA,ES-NC,Cintruénigo
31073,ES-NA,ES-NC,Ziordia
31074,ES-NA,ES-NC,Cirauqui
31075,ES-NA,ES-NC,Ciriza / Ziritza
31076,ES-NA,ES-NC,Cizur
31077,ES-NA,ES-NC,Corella
31078,ES-NA,ES-NC,Cortes
31079,ES-NA,ES-NC,Desojo
31080,ES-NA,ES-NC,Dicastillo
31081,ES-NA,ES-NC,Donamaria
31082,ES-NA,ES-NC,Etxalar
31083,ES-NA,ES-NC,Echarri/Etxarri
31084,ES-NA,ES-NC,Etxarri-Aranatz
31085,ES-NA,ES-NC,Etxauri
31086,ES-NA,ES-NC,Valle de Egüés/Eguesibar
31087,ES-NA,ES-NC,Elgorriaga
31088,ES-NA,ES-NC,Noáin (Valle de Elorz)/Noain (Elortzibar)
31089,ES-NA,ES-NC,Enériz/Eneritz
31090,ES-NA,ES-NC,Eratsun
31091,ES-NA,ES-NC,Ergoiena
31092,ES-NA,ES-NC,Erro
31093,ES-NA,ES-NC,Ezcároz/Ezkaroze
31094,ES-NA,ES-NC,Eslava
31095,ES-NA,ES-NC,Esparza de Salazar
31096,ES-NA,ES-NC,Espronceda
31097,ES-NA,ES-NC,Estella-Lizarra
31098,ES-NA,ES-NC,Esteribar
31099,ES-NA,ES-NC,Etayo
31100,ES-NA,ES-NC,Eulate
31101,ES-NA,ES-NC,Ezcabarte
31102,ES-NA,ES-NC,Ezkurra
31103,ES-NA,ES-NC,Ezprogui
31104,ES-NA,ES-NC,Falces
31105,ES-NA,ES-NC,Fitero
31106,ES-NA,ES-NC,Fontellas
31107,ES-NA,ES-NC,Funes
31108,ES-NA,ES-NC,Fustiñana
31109,ES-NA,ES-NC,Galar
31110,ES-NA,ES-NC,Gallipienzo
31111,ES-NA,ES-NC,Gallués/Galoze
31112,ES-NA,ES-NC,Garaioa
31113,ES-NA,ES-NC,Garde
31114,ES-NA,ES-NC,Garínoain
31115,ES-NA,ES-NC,Garralda
31116,ES-NA,ES-NC,Genevilla
31117,ES-NA,ES-NC,Goizueta
31118,ES-NA,ES-NC,Goñi
31119,ES-NA,ES-NC,Güesa/Gorza
31120,ES-NA,ES-NC,Guesálaz
31121,ES-NA,ES-NC,Guirguillano/Girgillao
31122,ES-NA,ES-NC,Huarte/Uharte
31123,ES-NA,ES-NC,Uharte-Arakil
31124,ES-NA,ES-NC,Ibargoiti
31125,ES-NA,ES-NC,Igúzquiza
31126,ES-NA,ES-NC,Imotz
31127,ES-NA,ES-NC,Irañeta
31128,ES-NA,ES-NC,Isaba/Izaba
31129,ES-NA,ES-NC,Ituren
31130,ES-NA,ES-NC,Iturmendi
31131,ES-NA,ES-NC,Iza
31132,ES-NA,ES-NC,Izagaondoa
31133,ES-NA,ES-NC,Izalzu/Itzaltzu
31134,ES-NA,ES-NC,Jaurrieta
31135,ES-NA,ES-NC,Javier
31136,ES-NA,ES-NC,Juslapeña
31137,ES-NA,ES-NC,Beintza-Labaien
31138,ES-NA,ES-NC,Lakuntza
31139,ES-NA,ES-NC,Lana
31140,ES-NA,ES-NC,Lantz
31141,ES-NA,ES-NC,Lapoblación
31142,ES-NA,ES-NC,Larraga
31143,ES-NA,ES-NC,Larraona
31144,ES-NA,ES-NC,Larraun
31145,ES-NA,ES-NC,Lazagurría
31146,ES-NA,ES-NC,Leatxe/Leache
31147,ES-NA,ES-NC,Legarda
31148,ES-NA,ES-NC,Legaria
31149,ES-NA,ES-NC,Leitza
31150,ES-NA,ES-NC,Leoz
31151,ES-NA,ES-NC,Lerga
31152,ES-NA,ES-NC,Lerín
31153,ES-NA,ES-NC,Lesaka
31154,ES-NA,ES-NC,Lezaun
31155,ES-NA,ES-NC,Liédena
31156,ES-NA,ES-NC,Lizoáin-Arriasgoiti
31157,ES-NA,ES-NC,Lodosa
31158,ES-NA,ES-NC,Lónguida/Longida
31159,ES-NA,ES-NC,Lumbier
31160,ES-NA,ES-NC,Luquin
31161,ES-NA,ES-NC,Mañeru
31162,ES-NA,ES-NC,Marañón
31163,ES-NA,ES-NC,Marcilla
31164,ES-NA,ES-NC,Mélida
31165,ES-NA,ES-NC,Mendavia
31166,ES-NA,ES-NC,Mendaza
31167,ES-NA,ES-NC,Mendigorria
31168,ES-NA,ES-NC,Metauten
31169,ES-NA,ES-NC,Milagro
31170,ES-NA,ES-NC,Mirafuentes
31171,ES-NA,ES-NC,Miranda de Arga
31172,ES-NA,ES-NC,Monreal
31173,ES-NA,ES-NC,Monteagudo
31174,ES-NA,ES-NC,Morentin
31175,ES-NA,ES-NC,Mues
31176,ES-NA,ES-NC,Murchante
31177,ES-NA,ES-NC,Murieta
31178,ES-NA,ES-NC,Murillo el Cuende
31179,ES-NA,ES-NC,Murillo el Fruto
31180,ES-NA,ES-NC,Muruzábal
31181,ES-NA,ES-NC,Navascués / Nabaskoze
31182,ES-NA,ES-NC,Nazar
31183,ES-NA,ES-NC,Obanos
31184,ES-NA,ES-NC,Oco
31185,ES-NA,ES-NC,Ochagavía/Otsagabia
31186,ES-NA,ES-NC,Odieta
31187,ES-NA,ES-NC,Oitz
31188,ES-NA,ES-NC,Olaibar
31189,ES-NA,ES-NC,Olazti / Olazagutía
31190,ES-NA,ES-NC,Olejua
31191,ES-NA,ES-NC,Olite/Erriberri
31192,ES-NA,ES-NC,Olóriz
31193,ES-NA,ES-NC,Olza
31194,ES-NA,ES-NC,Valle de Ollo/Ollaran
31195,ES-NA,ES-NC,Orbaizeta
31196,ES-NA,ES-NC,Orbara
31197,ES-NA,ES-NC,Orísoain
31198,ES-NA,ES-NC,Oronz
31199,ES-NA,ES-NC,Oroz-Betelu / Orotz-Betelu
31200,ES-NA,ES-NC,Oteiza
31201,ES-NA,ES-NC,Pamplona/Iruña
31202,ES-NA,ES-NC,Peralta
31203,ES-NA,ES-NC,Petilla de Aragón
31204,ES-NA,ES-NC,Piedramillera
31205,ES-NA,ES-NC,Pitillas
31206,ES-NA,ES-NC,Puente la Reina/Gares
31207,ES-NA,ES-NC,Pueyo / Puiu
31208,ES-NA,ES-NC,Ribaforada
31209,ES-NA,ES-NC,Romanzado
31210,ES-NA,ES-NC,Roncal/Erronkari
31211,ES-NA,ES-NC,Orreaga/Roncesvalles
31212,ES-NA,ES-NC,Sada
31213,ES-NA,ES-NC,Saldias
31214,ES-NA,ES-NC,Salinas de Oro
31215,ES-NA,ES-NC,San Adrián
31216,ES-NA,ES-NC,Sangüesa/Zangoza
31217,ES-NA,ES-NC,San Martín de Unx
31219,ES-NA,ES-NC,Sansol
31220,ES-NA,ES-NC,Santacara
31221,ES-NA,ES-NC,Doneztebe/Santesteban
31222,ES-NA,ES-NC,Sarriés/Sartze
31223,ES-NA,ES-NC,Sartaguda
31224,ES-NA,ES-NC,Sesma
31225,ES-NA,ES-NC,Sorlada
31226,ES-NA,ES-NC,Sunbilla
31227,ES-NA,ES-NC,Tafalla
31228,ES-NA,ES-NC,Tiebas-Muruarte de Reta
31229,ES-NA,ES-NC,Tirapu
31230,ES-NA,ES-NC,Torralba del Río
31231,ES-NA,ES-NC,Torres del Río
31232,ES-NA,ES-NC,Tudela
31233,ES-NA,ES-NC,Tulebras
31234,ES-NA,ES-NC,Ucar
31235,ES-NA,ES-NC,Ujué / Uxue
31236,ES-NA,ES-NC,Ultzama
31237,ES-NA,ES-NC,Unciti
31238,ES-NA,ES-NC,Unzué
31239,ES-NA,ES-NC,Urdazubi/Urdax
31240,ES-NA,ES-NC,Urdiain
31241,ES-NA,ES-NC,Urraul Alto
31242,ES-NA,ES-NC,Urraul Bajo
31243,ES-NA,ES-NC,Urroz
31244,ES-NA,ES-NC,Urrotz
31245,ES-NA,ES-NC,Urzainqui
31246,ES-NA,ES-NC,Uterga
31247,ES-NA,ES-NC,Uztárroz/Uztarroze
31248,ES-NA,ES-NC,Luzaide/Valcarlos
31249,ES-NA,ES-NC,Valtierra
31250,ES-NA,ES-NC,Bera
31251,ES-NA,ES-NC,Viana
31252,ES-NA,ES-NC,Vidángoz/Bidankoze
31253,ES-NA,ES-NC,Bidaurreta
31254,ES-NA,ES-NC,Villafranca
31255,ES-NA,ES-NC,Villamayor de Monjardín
31256,ES-NA,ES-NC,Hiriberri/Villanueva de Aezkoa
31257,ES-NA,ES-NC,Villatuerta
31258,ES-NA,ES-NC,Villava/Atarrabia
31259,ES-NA,ES-NC,Igantzi
31260,ES-NA,ES-NC,Valle de Yerri / Deierri
31261,ES-NA,ES-NC,Yesa
31262,ES-NA,ES-NC,Zabalza
31263,ES-NA,ES-NC,Zubieta
31264,ES-NA,ES-NC,Zugarramurdi
31265,ES-NA,ES-NC,Zúñiga
31901,ES-NA,ES-NC,Barañáin/Barañain
31902,ES-NA,ES-NC,Berrioplano
31903,ES-NA,ES-NC,Berriozar
31904,ES-NA,ES-NC,Irurtzun
31905,ES-NA,ES-NC,Beriáin
31906,ES-NA,ES-NC,Orcoyen
31907,ES-NA,ES-NC,Zizur Mayor/Zizur Nagusia
31908,ES-NA,ES-NC,Lekunberri
-342322,ES-NA,ES-NC,Bardenas Reales de Navarra
-342324,ES-NA,ES-NC,Aralar mendilerroa / Sierra de Aralar
-342325,ES-NA,ES-NC,Facería 46
-342326,ES-NA,ES-NC,Facería 53
-342327,ES-NA,ES-NC,Facería 62
-342332,ES-NA,ES-NC,Urbasa
-346534,ES-NA,ES-NC,Lokiz mendilerroa / Sierra de Lokiz
-346536,ES-NA,ES-NC,Facería 29
-346537,ES-NA,ES-NC,Facería 49
-346538,ES-NA,ES-NC,Facería 18
-346539,ES-NA,ES-NC,Monte Común de las Améscoas/Ameskoa mendiak
-3584116,ES-NA,ES-NC,Facería 31
-3652951,ES-NA,ES-NC,Facería 67
