id,prov,ccaa,name
44001,ES-TE,ES-AR,Ababuj
44002,ES-TE,ES-AR,Abejuela
44003,ES-TE,ES-AR,Aguatón
44004,ES-TE,ES-AR,Aguaviva / Aiguaviva de Bergantes
44005,ES-TE,ES-AR,Aguilar del Alfambra
44006,ES-TE,ES-AR,Alacón
44007,ES-TE,ES-AR,Alba
44008,ES-TE,ES-AR,Albalate del Arzobispo
44009,ES-TE,ES-AR,Albarracín
44010,ES-TE,ES-AR,Albentosa
44011,ES-TE,ES-AR,Alcaine
44012,ES-TE,ES-AR,Alcalá de la Selva
44013,ES-TE,ES-AR,Alcañiz
44014,ES-TE,ES-AR,Alcorisa
44016,ES-TE,ES-AR,Alfambra
44017,ES-TE,ES-AR,Aliaga
44018,ES-TE,ES-AR,Almohaja
44019,ES-TE,ES-AR,Alobras
44020,ES-TE,ES-AR,Alpeñés
44021,ES-TE,ES-AR,Allepuz
44022,ES-TE,ES-AR,Alloza
44023,ES-TE,ES-AR,Allueva
44024,ES-TE,ES-AR,Anadón
44025,ES-TE,ES-AR,Andorra
44026,ES-TE,ES-AR,Arcos de las Salinas
44027,ES-TE,ES-AR,Arens de Lledó / Arenys de Lledó
44028,ES-TE,ES-AR,Argente
44029,ES-TE,ES-AR,Ariño
44031,ES-TE,ES-AR,Azaila
44032,ES-TE,ES-AR,Bádenas
44033,ES-TE,ES-AR,Báguena
44034,ES-TE,ES-AR,Bañón
44035,ES-TE,ES-AR,Barrachina
44036,ES-TE,ES-AR,Bea
44037,ES-TE,ES-AR,Beceite / Beseit
44038,ES-TE,ES-AR,Belmonte de San José / Bellmunt de Mesquí
44039,ES-TE,ES-AR,Bello
44040,ES-TE,ES-AR,Berge
44041,ES-TE,ES-AR,Bezas
44042,ES-TE,ES-AR,Blancas
44043,ES-TE,ES-AR,Blesa
44044,ES-TE,ES-AR,Bordón
44045,ES-TE,ES-AR,Bronchales
44046,ES-TE,ES-AR,Bueña
44047,ES-TE,ES-AR,Burbáguena
44048,ES-TE,ES-AR,Cabra de Mora
44049,ES-TE,ES-AR,Calaceite / Calaceit
44050,ES-TE,ES-AR,Calamocha
44051,ES-TE,ES-AR,Calanda
44052,ES-TE,ES-AR,Calomarde
44053,ES-TE,ES-AR,Camañas
44054,ES-TE,ES-AR,Camarena de la Sierra
44055,ES-TE,ES-AR,Camarillas
44056,ES-TE,ES-AR,Caminreal
44059,ES-TE,ES-AR,Cantavieja
44060,ES-TE,ES-AR,Cañada de Benatanduz
44061,ES-TE,ES-AR,La Cañada de Verich / la Canyada de Beric
44062,ES-TE,ES-AR,Cañada Vellida
44063,ES-TE,ES-AR,Cañizar del Olivar
44064,ES-TE,ES-AR,Cascante del Río
44065,ES-TE,ES-AR,Castejón de Tornos
44066,ES-TE,ES-AR,Castel de Cabra
44067,ES-TE,ES-AR,Castelnou
44068,ES-TE,ES-AR,Castelserás
44070,ES-TE,ES-AR,El Castellar
44071,ES-TE,ES-AR,Castellote
44074,ES-TE,ES-AR,Cedrillas
44075,ES-TE,ES-AR,Celadas
44076,ES-TE,ES-AR,Cella
44077,ES-TE,ES-AR,La Cerollera
44080,ES-TE,ES-AR,La Codoñera / la Codonyera
44082,ES-TE,ES-AR,Corbalán
44084,ES-TE,ES-AR,Cortes de Aragón
44085,ES-TE,ES-AR,Cosa
44086,ES-TE,ES-AR,Cretas / Queretes
44087,ES-TE,ES-AR,Crivillén
44088,ES-TE,ES-AR,La Cuba
44089,ES-TE,ES-AR,Cubla
44090,ES-TE,ES-AR,Cucalón
44092,ES-TE,ES-AR,El Cuervo
44093,ES-TE,ES-AR,Cuevas de Almudén
44094,ES-TE,ES-AR,Cuevas Labradas
44096,ES-TE,ES-AR,Ejulve
44097,ES-TE,ES-AR,Escorihuela
44099,ES-TE,ES-AR,Escucha
44100,ES-TE,ES-AR,Estercuel
44101,ES-TE,ES-AR,Ferreruela de Huerva
44102,ES-TE,ES-AR,Fonfría
44103,ES-TE,ES-AR,Formiche Alto
44105,ES-TE,ES-AR,Fórnoles / Fórnols
44106,ES-TE,ES-AR,Fortanete
44107,ES-TE,ES-AR,Foz-Calanda
44108,ES-TE,ES-AR,La Fresneda / la Freixneda
44109,ES-TE,ES-AR,Frías de Albarracín
44110,ES-TE,ES-AR,Fuenferrada
44111,ES-TE,ES-AR,Fuentes Calientes
44112,ES-TE,ES-AR,Fuentes Claras
44113,ES-TE,ES-AR,Fuentes de Rubielos
44114,ES-TE,ES-AR,Fuentespalda / Fontdespatla
44115,ES-TE,ES-AR,Galve
44116,ES-TE,ES-AR,Gargallo
44117,ES-TE,ES-AR,Gea de Albarracín
44118,ES-TE,ES-AR,La Ginebrosa
44119,ES-TE,ES-AR,Griegos
44120,ES-TE,ES-AR,Guadalaviar
44121,ES-TE,ES-AR,Gúdar
44122,ES-TE,ES-AR,Híjar
44123,ES-TE,ES-AR,Hinojosa de Jarque
44124,ES-TE,ES-AR,La Hoz de la Vieja
44125,ES-TE,ES-AR,Huesa del Común
44126,ES-TE,ES-AR,La Iglesuela del Cid
44127,ES-TE,ES-AR,Jabaloyas
44128,ES-TE,ES-AR,Jarque de la Val
44129,ES-TE,ES-AR,Jatiel
44130,ES-TE,ES-AR,Jorcas
44131,ES-TE,ES-AR,Josa
44132,ES-TE,ES-AR,Lagueruela
44133,ES-TE,ES-AR,Lanzuela
44135,ES-TE,ES-AR,Libros
44136,ES-TE,ES-AR,Lidón
44137,ES-TE,ES-AR,Linares de Mora
44138,ES-TE,ES-AR,Loscos
44141,ES-TE,ES-AR,Lledó / Lledó d'Algars
44142,ES-TE,ES-AR,Maicas
44143,ES-TE,ES-AR,Manzanera
44144,ES-TE,ES-AR,Martín del Río
44145,ES-TE,ES-AR,Mas de las Matas
44146,ES-TE,ES-AR,La Mata de los Olmos
44147,ES-TE,ES-AR,Mazaleón / Massalió
44148,ES-TE,ES-AR,Mezquita de Jarque
44149,ES-TE,ES-AR,Mirambel
44150,ES-TE,ES-AR,Miravete de la Sierra
44151,ES-TE,ES-AR,Molinos
44152,ES-TE,ES-AR,Monforte de Moyuela
44153,ES-TE,ES-AR,Monreal del Campo
44154,ES-TE,ES-AR,Monroyo / Montroig
44155,ES-TE,ES-AR,Montalbán
44156,ES-TE,ES-AR,Monteagudo del Castillo
44157,ES-TE,ES-AR,Monterde de Albarracín
44158,ES-TE,ES-AR,Mora de Rubielos
44159,ES-TE,ES-AR,Moscardón
44160,ES-TE,ES-AR,Mosqueruela
44161,ES-TE,ES-AR,Muniesa
44163,ES-TE,ES-AR,Noguera de Albarracín
44164,ES-TE,ES-AR,Nogueras
44165,ES-TE,ES-AR,Nogueruelas
44167,ES-TE,ES-AR,Obón
44168,ES-TE,ES-AR,Odón
44169,ES-TE,ES-AR,Ojos Negros
44171,ES-TE,ES-AR,Olba
44172,ES-TE,ES-AR,Oliete
44173,ES-TE,ES-AR,Los Olmos
44174,ES-TE,ES-AR,Orihuela del Tremedal
44175,ES-TE,ES-AR,Orrios
44176,ES-TE,ES-AR,Palomar de Arroyos
44177,ES-TE,ES-AR,Pancrudo
44178,ES-TE,ES-AR,Las Parras de Castellote
44179,ES-TE,ES-AR,Peñarroya de Tastavíns / Pena-roja de Tastavins
44180,ES-TE,ES-AR,Peracense
44181,ES-TE,ES-AR,Peralejos
44182,ES-TE,ES-AR,Perales del Alfambra
44183,ES-TE,ES-AR,Pitarque
44184,ES-TE,ES-AR,Plou
44185,ES-TE,ES-AR,El Pobo
44187,ES-TE,ES-AR,La Portellada
44189,ES-TE,ES-AR,Pozondón
44190,ES-TE,ES-AR,Pozuel del Campo
44191,ES-TE,ES-AR,La Puebla de Híjar
44192,ES-TE,ES-AR,La Puebla de Valverde
44193,ES-TE,ES-AR,Puertomingalvo
44194,ES-TE,ES-AR,Ráfales / Ràfels
44195,ES-TE,ES-AR,Rillo
44196,ES-TE,ES-AR,Riodeva
44197,ES-TE,ES-AR,Ródenas
44198,ES-TE,ES-AR,Royuela
44199,ES-TE,ES-AR,Rubiales
44200,ES-TE,ES-AR,Rubielos de la Cérida
44201,ES-TE,ES-AR,Rubielos de Mora
44203,ES-TE,ES-AR,Salcedillo
44204,ES-TE,ES-AR,Saldón
44205,ES-TE,ES-AR,Samper de Calanda
44206,ES-TE,ES-AR,San Agustín
44207,ES-TE,ES-AR,San Martín del Río
44208,ES-TE,ES-AR,Santa Cruz de Nogueras
44209,ES-TE,ES-AR,Santa Eulalia
44210,ES-TE,ES-AR,Sarrión
44211,ES-TE,ES-AR,Segura de los Baños
44212,ES-TE,ES-AR,Seno
44213,ES-TE,ES-AR,Singra
44215,ES-TE,ES-AR,Terriente
44216,ES-TE,ES-AR,Teruel
44217,ES-TE,ES-AR,Toril y Masegoso
44218,ES-TE,ES-AR,Tormón
44219,ES-TE,ES-AR,Tornos
44220,ES-TE,ES-AR,Torralba de los Sisones
44221,ES-TE,ES-AR,Torrecilla de Alcañiz
44222,ES-TE,ES-AR,Torrecilla del Rebollar
44223,ES-TE,ES-AR,Torre de Arcas / Torredarques
44224,ES-TE,ES-AR,Torre de las Arcas
44225,ES-TE,ES-AR,Torre del Compte / La Torre del Comte
44226,ES-TE,ES-AR,Torrelacárcel
44227,ES-TE,ES-AR,Torre los Negros
44228,ES-TE,ES-AR,Torremocha de Jiloca
44229,ES-TE,ES-AR,Torres de Albarracín
44230,ES-TE,ES-AR,Torrevelilla / Torre de Vilella
44231,ES-TE,ES-AR,Torrijas
44232,ES-TE,ES-AR,Torrijo del Campo
44234,ES-TE,ES-AR,Tramacastiel
44235,ES-TE,ES-AR,Tramacastilla
44236,ES-TE,ES-AR,Tronchón
44237,ES-TE,ES-AR,Urrea de Gaén
44238,ES-TE,ES-AR,Utrillas
44239,ES-TE,ES-AR,Valacloche
44240,ES-TE,ES-AR,Valbona
44241,ES-TE,ES-AR,Valdealgorfa
44243,ES-TE,ES-AR,Valdecuenca
44244,ES-TE,ES-AR,Valdelinares
44245,ES-TE,ES-AR,Valdeltormo / La Vall del Tormo
44246,ES-TE,ES-AR,Valderrobres / Vall de Roures
44247,ES-TE,ES-AR,Valjunquera / Valljunquera
44249,ES-TE,ES-AR,El Vallecillo
44250,ES-TE,ES-AR,Veguillas de la Sierra
44251,ES-TE,ES-AR,Villafranca del Campo
44252,ES-TE,ES-AR,Villahermosa del Campo
44256,ES-TE,ES-AR,Villanueva del Rebollar de la Sierra
44257,ES-TE,ES-AR,Villar del Cobo
44258,ES-TE,ES-AR,Villar del Salz
44260,ES-TE,ES-AR,Villarluengo
44261,ES-TE,ES-AR,Villarquemado
44262,ES-TE,ES-AR,Villarroya de los Pinares
44263,ES-TE,ES-AR,Villastar
44264,ES-TE,ES-AR,Villel
44265,ES-TE,ES-AR,Vinaceite
44266,ES-TE,ES-AR,Visiedo
44267,ES-TE,ES-AR,Vivel del Río Martín
44268,ES-TE,ES-AR,La Zoma
