id,prov,ccaa,name
49002,ES-ZA,ES-CL,Abezames
49003,ES-ZA,ES-CL,Alcañices
49004,ES-ZA,ES-CL,Alcubilla de Nogales
49005,ES-ZA,ES-CL,Alfaraz de Sayago
49006,ES-ZA,ES-CL,Algodre
49007,ES-ZA,ES-CL,Almaraz de Duero
49008,ES-ZA,ES-CL,Almeida de Sayago
49009,ES-ZA,ES-CL,Andavías
49010,ES-ZA,ES-CL,Arcenillas
49011,ES-ZA,ES-CL,Arcos de la Polvorosa
49012,ES-ZA,ES-CL,Argañín
49013,ES-ZA,ES-CL,Argujillo
49014,ES-ZA,ES-CL,Arquillinos
49015,ES-ZA,ES-CL,Arrabalde
49016,ES-ZA,ES-CL,Aspariegos
49017,ES-ZA,ES-CL,Asturianos
49018,ES-ZA,ES-CL,Ayoó de Vidriales
49019,ES-ZA,ES-CL,Barcial del Barco
49020,ES-ZA,ES-CL,Belver de los Montes
49021,ES-ZA,ES-CL,Benavente
49022,ES-ZA,ES-CL,Benegiles
49023,ES-ZA,ES-CL,Bermillo de Sayago
49024,ES-ZA,ES-CL,La Bóveda de Toro
49025,ES-ZA,ES-CL,Bretó
49026,ES-ZA,ES-CL,Bretocino
49027,ES-ZA,ES-CL,Brime de Sog
49028,ES-ZA,ES-CL,Brime de Urz
49029,ES-ZA,ES-CL,Burganes de Valverde
49030,ES-ZA,ES-CL,Bustillo del Oro
49031,ES-ZA,ES-CL,Cabañas de Sayago
49032,ES-ZA,ES-CL,Calzadilla de Tera
49033,ES-ZA,ES-CL,Camarzana de Tera
49034,ES-ZA,ES-CL,Cañizal
49035,ES-ZA,ES-CL,Cañizo
49036,ES-ZA,ES-CL,Carbajales de Alba
49037,ES-ZA,ES-CL,Carbellino
49038,ES-ZA,ES-CL,Casaseca de Campeán
49039,ES-ZA,ES-CL,Casaseca de las Chanas
49040,ES-ZA,ES-CL,Castrillo de la Guareña
49041,ES-ZA,ES-CL,Castrogonzalo
49042,ES-ZA,ES-CL,Castronuevo
49043,ES-ZA,ES-CL,Castroverde de Campos
49044,ES-ZA,ES-CL,Cazurra
49046,ES-ZA,ES-CL,Cerecinos de Campos
49047,ES-ZA,ES-CL,Cerecinos del Carrizal
49048,ES-ZA,ES-CL,Cernadilla
49050,ES-ZA,ES-CL,Cobreros
49052,ES-ZA,ES-CL,Coomonte
49053,ES-ZA,ES-CL,Coreses
49054,ES-ZA,ES-CL,Corrales del Vino
49055,ES-ZA,ES-CL,Cotanes del Monte
49056,ES-ZA,ES-CL,Cubillos
49057,ES-ZA,ES-CL,Cubo de Benavente
49058,ES-ZA,ES-CL,El Cubo de Tierra del Vino
49059,ES-ZA,ES-CL,Cuelgamures
49061,ES-ZA,ES-CL,Entrala
49062,ES-ZA,ES-CL,Espadañedo
49063,ES-ZA,ES-CL,Faramontanos de Tábara
49064,ES-ZA,ES-CL,Fariza
49065,ES-ZA,ES-CL,Fermoselle
49066,ES-ZA,ES-CL,Ferreras de Abajo
49067,ES-ZA,ES-CL,Ferreras de Arriba
49068,ES-ZA,ES-CL,Ferreruela
49069,ES-ZA,ES-CL,Figueruela de Arriba
49071,ES-ZA,ES-CL,Fonfría
49075,ES-ZA,ES-CL,Fresno de la Polvorosa
49076,ES-ZA,ES-CL,Fresno de la Ribera
49077,ES-ZA,ES-CL,Fresno de Sayago
49078,ES-ZA,ES-CL,Friera de Valverde
49079,ES-ZA,ES-CL,Fuente Encalada
49080,ES-ZA,ES-CL,Fuentelapeña
49081,ES-ZA,ES-CL,Fuentesaúco
49082,ES-ZA,ES-CL,Fuentes de Ropel
49083,ES-ZA,ES-CL,Fuentesecas
49084,ES-ZA,ES-CL,Fuentespreadas
49085,ES-ZA,ES-CL,Galende
49086,ES-ZA,ES-CL,Gallegos del Pan
49087,ES-ZA,ES-CL,Gallegos del Río
49088,ES-ZA,ES-CL,Gamones
49090,ES-ZA,ES-CL,Gema
49091,ES-ZA,ES-CL,Granja de Moreruela
49092,ES-ZA,ES-CL,Granucillo
49093,ES-ZA,ES-CL,Guarrate
49094,ES-ZA,ES-CL,Hermisende
49095,ES-ZA,ES-CL,La Hiniesta
49096,ES-ZA,ES-CL,Jambrina
49097,ES-ZA,ES-CL,Justel
49098,ES-ZA,ES-CL,Losacino
49099,ES-ZA,ES-CL,Losacio
49100,ES-ZA,ES-CL,Lubián
49101,ES-ZA,ES-CL,Luelmo
49102,ES-ZA,ES-CL,El Maderal
49103,ES-ZA,ES-CL,Madridanos
49104,ES-ZA,ES-CL,Mahide
49105,ES-ZA,ES-CL,Maire de Castroponce
49107,ES-ZA,ES-CL,Malva
49108,ES-ZA,ES-CL,Manganeses de la Lampreana
49109,ES-ZA,ES-CL,Manganeses de la Polvorosa
49110,ES-ZA,ES-CL,Manzanal de Arriba
49111,ES-ZA,ES-CL,Manzanal del Barco
49112,ES-ZA,ES-CL,Manzanal de los Infantes
49113,ES-ZA,ES-CL,Matilla de Arzón
49114,ES-ZA,ES-CL,Matilla la Seca
49115,ES-ZA,ES-CL,Mayalde
49116,ES-ZA,ES-CL,Melgar de Tera
49117,ES-ZA,ES-CL,Micereces de Tera
49118,ES-ZA,ES-CL,Milles de la Polvorosa
49119,ES-ZA,ES-CL,Molacillos
49120,ES-ZA,ES-CL,Molezuelas de la Carballeda
49121,ES-ZA,ES-CL,Mombuey
49122,ES-ZA,ES-CL,Monfarracinos
49123,ES-ZA,ES-CL,Montamarta
49124,ES-ZA,ES-CL,Moral de Sayago
49125,ES-ZA,ES-CL,Moraleja del Vino
49126,ES-ZA,ES-CL,Moraleja de Sayago
49127,ES-ZA,ES-CL,Morales del Vino
49128,ES-ZA,ES-CL,Morales de Rey
49129,ES-ZA,ES-CL,Morales de Toro
49130,ES-ZA,ES-CL,Morales de Valverde
49131,ES-ZA,ES-CL,Moralina
49132,ES-ZA,ES-CL,Moreruela de los Infanzones
49133,ES-ZA,ES-CL,Moreruela de Tábara
49134,ES-ZA,ES-CL,Muelas de los Caballeros
49135,ES-ZA,ES-CL,Muelas del Pan
49136,ES-ZA,ES-CL,Muga de Sayago
49137,ES-ZA,ES-CL,Navianos de Valverde
49138,ES-ZA,ES-CL,Olmillos de Castro
49139,ES-ZA,ES-CL,Otero de Bodas
49141,ES-ZA,ES-CL,Pajares de la Lampreana
49142,ES-ZA,ES-CL,Palacios del Pan
49143,ES-ZA,ES-CL,Palacios de Sanabria
49145,ES-ZA,ES-CL,Pedralba de la Pradería
49146,ES-ZA,ES-CL,El Pego
49147,ES-ZA,ES-CL,Peleagonzalo
49148,ES-ZA,ES-CL,Peleas de Abajo
49149,ES-ZA,ES-CL,Peñausende
49150,ES-ZA,ES-CL,Peque
49151,ES-ZA,ES-CL,El Perdigón
49152,ES-ZA,ES-CL,Pereruela
49153,ES-ZA,ES-CL,Perilla de Castro
49154,ES-ZA,ES-CL,Pías
49155,ES-ZA,ES-CL,Piedrahita de Castro
49156,ES-ZA,ES-CL,Pinilla de Toro
49157,ES-ZA,ES-CL,Pino del Oro
49158,ES-ZA,ES-CL,El Piñero
49159,ES-ZA,ES-CL,Pobladura del Valle
49160,ES-ZA,ES-CL,Pobladura de Valderaduey
49162,ES-ZA,ES-CL,Porto
49163,ES-ZA,ES-CL,Pozoantiguo
49164,ES-ZA,ES-CL,Pozuelo de Tábara
49165,ES-ZA,ES-CL,Prado
49166,ES-ZA,ES-CL,Puebla de Sanabria
49167,ES-ZA,ES-CL,Pueblica de Valverde
49168,ES-ZA,ES-CL,Quintanilla del Monte
49169,ES-ZA,ES-CL,Quintanilla del Olmo
49170,ES-ZA,ES-CL,Quintanilla de Urz
49171,ES-ZA,ES-CL,Quiruelas de Vidriales
49172,ES-ZA,ES-CL,Rabanales
49173,ES-ZA,ES-CL,Rábano de Aliste
49174,ES-ZA,ES-CL,Requejo
49175,ES-ZA,ES-CL,Revellinos
49176,ES-ZA,ES-CL,Riofrío de Aliste
49177,ES-ZA,ES-CL,Rionegro del Puente
49178,ES-ZA,ES-CL,Roales
49179,ES-ZA,ES-CL,Robleda-Cervantes
49180,ES-ZA,ES-CL,Roelos de Sayago
49181,ES-ZA,ES-CL,Rosinos de la Requejada
49183,ES-ZA,ES-CL,Salce
49184,ES-ZA,ES-CL,Samir de los Caños
49185,ES-ZA,ES-CL,San Agustín del Pozo
49186,ES-ZA,ES-CL,San Cebrián de Castro
49187,ES-ZA,ES-CL,San Cristóbal de Entreviñas
49188,ES-ZA,ES-CL,San Esteban del Molar
49189,ES-ZA,ES-CL,San Justo
49190,ES-ZA,ES-CL,San Martín de Valderaduey
49191,ES-ZA,ES-CL,San Miguel de la Ribera
49192,ES-ZA,ES-CL,San Miguel del Valle
49193,ES-ZA,ES-CL,San Pedro de Ceque
49194,ES-ZA,ES-CL,San Pedro de la Nave-Almendra
49197,ES-ZA,ES-CL,Santa Clara de Avedillo
49199,ES-ZA,ES-CL,Santa Colomba de las Monjas
49200,ES-ZA,ES-CL,Santa Cristina de la Polvorosa
49201,ES-ZA,ES-CL,Santa Croya de Tera
49202,ES-ZA,ES-CL,Santa Eufemia del Barco
49203,ES-ZA,ES-CL,Santa María de la Vega
49204,ES-ZA,ES-CL,Santa María de Valverde
49205,ES-ZA,ES-CL,Santibáñez de Tera
49206,ES-ZA,ES-CL,Santibáñez de Vidriales
49207,ES-ZA,ES-CL,Santovenia
49208,ES-ZA,ES-CL,San Vicente de la Cabeza
49209,ES-ZA,ES-CL,San Vitero
49210,ES-ZA,ES-CL,Sanzoles
49214,ES-ZA,ES-CL,Tábara
49216,ES-ZA,ES-CL,Tapioles
49219,ES-ZA,ES-CL,Toro
49220,ES-ZA,ES-CL,La Torre del Valle
49221,ES-ZA,ES-CL,Torregamones
49222,ES-ZA,ES-CL,Torres del Carrizal
49223,ES-ZA,ES-CL,Trabazos
49224,ES-ZA,ES-CL,Trefacio
49225,ES-ZA,ES-CL,Uña de Quintana
49226,ES-ZA,ES-CL,Vadillo de la Guareña
49227,ES-ZA,ES-CL,Valcabado
49228,ES-ZA,ES-CL,Valdefinjas
49229,ES-ZA,ES-CL,Valdescorriel
49230,ES-ZA,ES-CL,Vallesa de la Guareña
49231,ES-ZA,ES-CL,Vega de Tera
49232,ES-ZA,ES-CL,Vega de Villalobos
49233,ES-ZA,ES-CL,Vegalatrave
49234,ES-ZA,ES-CL,Venialbo
49235,ES-ZA,ES-CL,Vezdemarbán
49236,ES-ZA,ES-CL,Vidayanes
49237,ES-ZA,ES-CL,Videmala
49238,ES-ZA,ES-CL,Villabrázaro
49239,ES-ZA,ES-CL,Villabuena del Puente
49240,ES-ZA,ES-CL,Villadepera
49241,ES-ZA,ES-CL,Villaescusa
49242,ES-ZA,ES-CL,Villafáfila
49243,ES-ZA,ES-CL,Villaferrueña
49244,ES-ZA,ES-CL,Villageriz
49245,ES-ZA,ES-CL,Villalazán
49246,ES-ZA,ES-CL,Villalba de la Lampreana
49247,ES-ZA,ES-CL,Villalcampo
49248,ES-ZA,ES-CL,Villalobos
49249,ES-ZA,ES-CL,Villalonso
49250,ES-ZA,ES-CL,Villalpando
49251,ES-ZA,ES-CL,Villalube
49252,ES-ZA,ES-CL,Villamayor de Campos
49255,ES-ZA,ES-CL,Villamor de los Escuderos
49256,ES-ZA,ES-CL,Villanázar
49257,ES-ZA,ES-CL,Villanueva de Azoague
49258,ES-ZA,ES-CL,Villanueva de Campeán
49259,ES-ZA,ES-CL,Villanueva de las Peras
49260,ES-ZA,ES-CL,Villanueva del Campo
49261,ES-ZA,ES-CL,Villaralbo
49262,ES-ZA,ES-CL,Villardeciervos
49263,ES-ZA,ES-CL,Villar de Fallaves
49264,ES-ZA,ES-CL,Villar del Buey
49265,ES-ZA,ES-CL,Villardiegua de la Ribera
49266,ES-ZA,ES-CL,Villárdiga
49267,ES-ZA,ES-CL,Villardondiego
49268,ES-ZA,ES-CL,Villarrín de Campos
49269,ES-ZA,ES-CL,Villaseco del Pan
49270,ES-ZA,ES-CL,Villavendimio
49271,ES-ZA,ES-CL,Villaveza del Agua
49272,ES-ZA,ES-CL,Villaveza de Valverde
49273,ES-ZA,ES-CL,Viñas
49275,ES-ZA,ES-CL,Zamora
